rmsd_target,rmsd_actual,rep,pdb_file,nll_i_work,nll_i_free,delta_nll_i_work,delta_nll_i_free,nll_f_work,nll_f_free,delta_nll_f_work,delta_nll_f_free,r_work,r_free,r_int_work,r_int_free,cc_work_i,cc_free_i,geom_energy,delta_geom_energy,grad_norm_i,grad_norm_f,cos_sim_i,cos_sim_f
0.05,0.05,0,6czg_rmsd_0.05_rep_00.pdb,0.31646546721458435,0.46577903628349304,0.018365979194641113,0.027409344911575317,4.3564066886901855,4.5006513595581055,0.01841449737548828,0.027573108673095703,0.2816385543866085,0.32274125835891926,0.4473501061826317,0.49499068141148644,0.9352675049216195,0.8826460169996506,67876.30391584514,65718.82425764912,0.04206626642298722,0.04238192330583854,0.257130683571794,0.2564927091393329
0.05,0.049999999999999996,1,6czg_rmsd_0.05_rep_01.pdb,0.31842362880706787,0.4521176815032959,0.020324140787124634,0.013747990131378174,4.35855770111084,4.486889839172363,0.020565509796142578,0.013811588287353516,0.28393077161821867,0.31921219444887494,0.4498783633071367,0.4923915893632199,0.937024783951251,0.8839584664834054,67887.67011659249,65730.19045839646,0.04267593357108841,0.043080990766672864,0.27162226657636807,0.27178185199195193
0.05,0.05000000000000001,2,6czg_rmsd_0.05_rep_02.pdb,0.3186281621456146,0.4713112711906433,0.020528674125671387,0.032941579818725586,4.358554363250732,4.506592750549316,0.020562171936035156,0.03351449966430664,0.28196734785116995,0.32578303266279823,0.449040394902512,0.504688132789444,0.9362819866756873,0.8762290878859731,65773.24702617286,63615.767367976834,0.04243358600728855,0.042785849185445764,0.27755750167239723,0.27651088257131323
0.05,0.05,3,6czg_rmsd_0.05_rep_03.pdb,0.3182004392147064,0.4528992474079132,0.020100951194763184,0.014529556035995483,4.358193874359131,4.487785339355469,0.020201683044433594,0.014707088470458984,0.2831364449700746,0.31655623380301423,0.4471177850858745,0.48142422649192423,0.9374966150716786,0.8795762267905437,66972.06525886206,64814.58560066603,0.04284710175189571,0.04317795022738776,0.2630222807470059,0.262382876991973
0.05,0.05,4,6czg_rmsd_0.05_rep_04.pdb,0.3193210959434509,0.45791152119636536,0.02122160792350769,0.019541829824447632,4.359277248382568,4.492939472198486,0.021285057067871094,0.019861221313476562,0.28472223545880554,0.3174728253075132,0.45092166522191196,0.48850199950791745,0.9352689647047152,0.8811085192812974,66212.5243625664,64055.044704370375,0.043545869881374016,0.04386403138660694,0.27825017242302713,0.2774998597193394
0.05,0.05,5,6czg_rmsd_0.05_rep_05.pdb,0.31723228096961975,0.4683307707309723,0.019132792949676514,0.029961079359054565,4.357247829437256,4.503261566162109,0.019255638122558594,0.03018331527709961,0.2825297212792702,0.3183149518305437,0.44704686378481134,0.49186657014968627,0.9359751012558906,0.8820639222362754,67706.69373945025,65549.21408125422,0.041925097407957364,0.042263279272821246,0.26726765724714086,0.26695890659738447
0.05,0.05000000000000001,6,6czg_rmsd_0.05_rep_06.pdb,0.3186332881450653,0.4659615159034729,0.02053380012512207,0.027591824531555176,4.358550071716309,4.500979900360107,0.020557880401611328,0.027901649475097656,0.28290492247010696,0.3238462743538942,0.4492415620711199,0.49217070724998585,0.9356717932483345,0.8854804662497111,66088.27776063915,63930.79810244312,0.04293253057735336,0.04325299514714726,0.26998245510117663,0.26897232859818787
0.05,0.049999999999999996,7,6czg_rmsd_0.05_rep_07.pdb,0.31740498542785645,0.46929728984832764,0.019305497407913208,0.030927598476409912,4.35743522644043,4.504194259643555,0.019443035125732422,0.031116008758544922,0.2816677695758833,0.31962138824488007,0.4461432743303644,0.4905855714886338,0.9357753301218337,0.8856290136041777,70257.26144195402,68099.781783758,0.041804254453028634,0.04214726134063394,0.2718239220930978,0.27130678508757083
0.05,0.05,8,6czg_rmsd_0.05_rep_08.pdb,0.31952765583992004,0.44802531599998474,0.021428167819976807,0.009655624628067017,4.359619617462158,4.48305082321167,0.021627426147460938,0.009972572326660156,0.2831172043051007,0.31592158385218233,0.44733761576029824,0.48601387581551747,0.9358376897021935,0.8829411206599231,65159.223575099946,63001.74391690392,0.042710947718936416,0.04305357796768578,0.2819386982002406,0.28177243689813464
0.05,0.05,9,6czg_rmsd_0.05_rep_09.pdb,0.31951552629470825,0.4493796229362488,0.021416038274765015,0.011009931564331055,4.359424114227295,4.483955383300781,0.021431922912597656,0.010877132415771484,0.28243928453859496,0.3176926708846167,0.4483249687492708,0.4902679791938899,0.9369021083692259,0.8863235423730713,64126.91195632603,61969.43229813001,0.04307380718744186,0.043390237323399,0.27610860903876666,0.2750609549130886
0.05,0.05,10,6czg_rmsd_0.05_rep_10.pdb,0.3205004632472992,0.46328768134117126,0.022400975227355957,0.02491798996925354,4.360702037811279,4.4980549812316895,0.02270984649658203,0.024976730346679688,0.2828900689137805,0.3188232200873109,0.4474539192758764,0.49393825166557864,0.9362539097736337,0.8814767689513833,66535.35600859144,64377.87635039541,0.04243369164134537,0.0428086507645183,0.28913785084700766,0.2897927124886352
0.05,0.05,11,6czg_rmsd_0.05_rep_11.pdb,0.3185734152793884,0.4585467576980591,0.02047392725944519,0.020177066326141357,4.358595371246338,4.493749618530273,0.020603179931640625,0.020671367645263672,0.2829917293461159,0.3251170256746614,0.44887215407073416,0.4985119849563474,0.9359486652770785,0.882766490478086,71037.74059836473,68880.26094016871,0.04250555095461757,0.04286126362044621,0.27109764731822306,0.2705388493952063
0.05,0.05,12,6czg_rmsd_0.05_rep_12.pdb,0.31548529863357544,0.45852458477020264,0.017385810613632202,0.020154893398284912,4.355580806732178,4.493372917175293,0.01758861541748047,0.020294666290283203,0.28184751572874545,0.32071050733489664,0.445467535053141,0.4931890044108855,0.937353206595077,0.8842928202128502,65896.66593934974,63739.186281153714,0.0418807717312084,0.04222243625189461,0.24825381730953464,0.2486593629078578
0.05,0.05,13,6czg_rmsd_0.05_rep_13.pdb,0.3199823200702667,0.4552032947540283,0.021882832050323486,0.016833603382110596,4.359975814819336,4.490738391876221,0.021983623504638672,0.017660140991210938,0.28241908175256036,0.32070124581889814,0.4494454457890265,0.4930542633042347,0.9355051517791841,0.8817067745984425,66415.51613043885,64258.03647224282,0.042887008943785145,0.04323368203750872,0.27929707501133183,0.27886071566454335
0.05,0.05000000000000002,14,6czg_rmsd_0.05_rep_14.pdb,0.3197062313556671,0.4506210684776306,0.021606743335723877,0.01225137710571289,4.3597331047058105,4.486020565032959,0.02174091339111328,0.012942314147949219,0.2829823667831827,0.31591777343769295,0.4491727181531004,0.48796904387551654,0.9364306328882921,0.8825195606574536,66214.95674747157,64057.47708927555,0.04240262452167381,0.04275087939480237,0.28135440812102713,0.2808788814963748
0.05,0.05000000000000001,15,6czg_rmsd_0.05_rep_15.pdb,0.3157428205013275,0.458814412355423,0.017643332481384277,0.02044472098350525,4.355725288391113,4.493602752685547,0.017733097076416016,0.02052450180053711,0.28174989106903264,0.32099076782101293,0.4483666828056736,0.499299609373354,0.9362082714320675,0.882795209155566,61650.82207848031,59493.34242028429,0.04202309808425437,0.04235760790864563,0.2564004499769982,0.25592181457078406
0.05,0.05000000000000001,16,6czg_rmsd_0.05_rep_16.pdb,0.31543147563934326,0.45506253838539124,0.017331987619400024,0.01669284701347351,4.355490684509277,4.489961624145508,0.017498493194580078,0.016883373260498047,0.28212560108409773,0.31748249407775564,0.44880796145128243,0.4872268542002869,0.9342859707760124,0.8863613366183513,62803.4865163494,60646.00685815338,0.04183246904828725,0.042183066342558286,0.25069802373054656,0.25070277175767364
0.05,0.05,17,6czg_rmsd_0.05_rep_17.pdb,0.31931373476982117,0.45390191674232483,0.02121424674987793,0.015532225370407104,4.359290599822998,4.488709926605225,0.02129840850830078,0.015631675720214844,0.2821200672722903,0.3171037455967836,0.44863729247266393,0.49277294359146745,0.9358298802641382,0.8774993772334209,66118.17396900414,63960.69431080812,0.04247807700690832,0.04280599320400636,0.2720159216039934,0.27127784322373405
0.05,0.05000000000000001,18,6czg_rmsd_0.05_rep_18.pdb,0.31861454248428345,0.4592195749282837,0.02051505446434021,0.020849883556365967,4.358745098114014,4.4939703941345215,0.020752906799316406,0.02089214324951172,0.28401716204994604,0.3164169916563562,0.4504972502820902,0.48949713372916315,0.9356725067129048,0.8799116164436606,68432.24711266307,66274.76745446704,0.04323030600207687,0.043556620360374804,0.27087490856765795,0.27136043548833627
0.05,0.05000000000000001,19,6czg_rmsd_0.05_rep_19.pdb,0.3171740174293518,0.4682462513446808,0.01907452940940857,0.02987655997276306,4.357112884521484,4.5032525062561035,0.01912069320678711,0.03017425537109375,0.28165680694792067,0.3210180649148717,0.4473356211687424,0.49630667583699006,0.9371395230944771,0.8787133847424137,65898.46706501578,63740.98740681975,0.042841137193384726,0.04316420874287906,0.261539071855462,0.2606329580445556
0.05,0.05,20,6czg_rmsd_0.05_rep_20.pdb,0.3211306035518646,0.4570816159248352,0.023031115531921387,0.01871192455291748,4.361098766326904,4.49189567565918,0.02310657501220703,0.018817424774169922,0.2838816554683514,0.3166880196830657,0.45022434687692736,0.4920424756897394,0.936200115800298,0.880444177490946,69911.78524605167,67754.30558785565,0.04405498632573072,0.04435634256607143,0.2844154883592871,0.2839073407327845
0.05,0.05000000000000001,21,6czg_rmsd_0.05_rep_21.pdb,0.3189447224140167,0.4582369923591614,0.020845234394073486,0.019867300987243652,4.358944416046143,4.493513584136963,0.020952224731445312,0.020435333251953125,0.2814251030125759,0.32145075832097497,0.44614171958878557,0.49523716878984136,0.935803092692339,0.8812051853353005,68274.99216227904,66117.51250408302,0.04206221448705971,0.042406912419616465,0.2831808193882809,0.28274611115837833
0.05,0.05000000000000001,22,6czg_rmsd_0.05_rep_22.pdb,0.3189469575881958,0.45402052998542786,0.020847469568252563,0.015650838613510132,4.3592448234558105,4.488840103149414,0.02125263214111328,0.015761852264404297,0.28244391578551176,0.32046147210318954,0.4482940815527084,0.4903623154813158,0.9359255116814608,0.8829568872494848,69265.96925781335,67108.48959961733,0.042308333787811216,0.042670168214524275,0.26975253646852226,0.2713406719566231
0.05,0.05,23,6czg_rmsd_0.05_rep_23.pdb,0.32066211104393005,0.45477917790412903,0.022562623023986816,0.016409486532211304,4.3607964515686035,4.489816665649414,0.02280426025390625,0.016738414764404297,0.28233074570459754,0.32036675694372574,0.4486512960372199,0.49419036837813546,0.9343918669309127,0.8803490296430444,68147.00378756746,65989.52412937144,0.04279619172221091,0.04318661023129682,0.28169044780848407,0.28174067258098484
0.05,0.05000000000000002,24,6czg_rmsd_0.05_rep_24.pdb,0.31722912192344666,0.46387556195259094,0.019129633903503418,0.025505870580673218,4.35735559463501,4.498680591583252,0.0193634033203125,0.025602340698242188,0.28132250021280386,0.3188726690060856,0.4479098485422454,0.49249446443342604,0.9357951004299281,0.8791192883719041,65327.83314240938,63170.35348421335,0.041749815240288306,0.042099248667190475,0.2651047546540281,0.2655318284728045
0.05,0.05,25,6czg_rmsd_0.05_rep_25.pdb,0.3193930983543396,0.4510617256164551,0.021293610334396362,0.012692034244537354,4.359288692474365,4.485949993133545,0.02129650115966797,0.012871742248535156,0.2831988288842532,0.31854625273561,0.44883709283770284,0.49327593083079935,0.9358106920803737,0.8820192703088479,67892.12018321814,65734.64052502211,0.04245495979784408,0.042776484365647946,0.2770293587558201,0.275855401125968
0.05,0.05000000000000001,26,6czg_rmsd_0.05_rep_26.pdb,0.319303423166275,0.44677281379699707,0.021203935146331787,0.008403122425079346,4.359347343444824,4.4818925857543945,0.021355152130126953,0.008814334869384766,0.28308004617736876,0.31151605334783367,0.4479394395669622,0.48370448241066216,0.9362146634971101,0.8823182909341041,69730.8978767527,67573.41821855668,0.04261811435287201,0.04295795372261028,0.27046089975186854,0.27024594030653
0.05,0.05,27,6czg_rmsd_0.05_rep_27.pdb,0.32113921642303467,0.45830926299095154,0.02303972840309143,0.019939571619033813,4.361301422119141,4.493234634399414,0.02330923080444336,0.020156383514404297,0.2821023806439369,0.3178629276424106,0.4466186407847577,0.4883247335876314,0.9357615378500101,0.8814809236332869,64019.56873739104,61862.089079195015,0.042521989819107285,0.04287810196877307,0.2919302680535824,0.29230116701453224
0.05,0.05,28,6czg_rmsd_0.05_rep_28.pdb,0.3228026032447815,0.4597776234149933,0.024703115224838257,0.02140793204307556,4.362805366516113,4.494517803192139,0.024813175201416016,0.021439552307128906,0.2848248154666535,0.3191627069537406,0.45346294478998433,0.4901271908903364,0.9338428279033075,0.8849565146910638,61857.26697551353,59699.7873173175,0.04287573301727327,0.043205866148204874,0.2932489514396949,0.29254730377105065
0.05,0.05,29,6czg_rmsd_0.05_rep_29.pdb,0.31999966502189636,0.45087265968322754,0.021900177001953125,0.012502968311309814,4.360054016113281,4.485878944396973,0.022061824798583984,0.01280069351196289,0.2835310817479325,0.3194673173879413,0.4516086286650959,0.502105670479001,0.9338860418014028,0.8729128650755508,67407.61119629016,65250.13153809414,0.04306224251911988,0.04341299259906601,0.28047789002993234,0.2801571396469165
0.05,0.05,30,6czg_rmsd_0.05_rep_30.pdb,0.3190500736236572,0.45737752318382263,0.02095058560371399,0.019007831811904907,4.359158515930176,4.492053985595703,0.021166324615478516,0.01897573471069336,0.28284436184363926,0.31895635703459535,0.4488547704215222,0.490773663261203,0.9368914180845677,0.8796222003706328,65234.935521683066,63077.45586348704,0.04304836461319542,0.043425121843485466,0.2759794260838563,0.2759921108914091
0.05,0.05000000000000001,31,6czg_rmsd_0.05_rep_31.pdb,0.3204430341720581,0.46159008145332336,0.022343546152114868,0.02322039008140564,4.36046028137207,4.496312141418457,0.022468090057373047,0.023233890533447266,0.2823326561397381,0.32008576572482,0.44862274603853997,0.49534910131437526,0.9365790986006082,0.8799397690867556,68001.90084315916,65844.42118496314,0.0431001015193964,0.043439392018479246,0.2760707335734621,0.27591020288859613
0.05,0.05000000000000001,32,6czg_rmsd_0.05_rep_32.pdb,0.31682878732681274,0.46517375111579895,0.018729299306869507,0.026804059743881226,4.356886386871338,4.500051021575928,0.018894195556640625,0.02697277069091797,0.28098829737948167,0.32103248602813794,0.44479295131228935,0.4933183005550041,0.9377131290354374,0.8836620498513597,65276.030276501806,63118.55061830578,0.042763551338837594,0.043078671561744525,0.26367517751273656,0.2641936848706683
0.05,0.05000000000000001,33,6czg_rmsd_0.05_rep_33.pdb,0.31674376130104065,0.4613020122051239,0.018644273281097412,0.022932320833206177,4.356880187988281,4.496480464935303,0.018887996673583984,0.02340221405029297,0.281007028255802,0.31988822387708654,0.44618281155534284,0.4906978158893734,0.9355781996640347,0.8786776592178189,65777.9367695007,63620.45711130467,0.04196743420571765,0.042313924931856775,0.2627567188636192,0.26327512304508943
0.05,0.05000000000000001,34,6czg_rmsd_0.05_rep_34.pdb,0.32166463136672974,0.45696279406547546,0.0235651433467865,0.01859310269355774,4.361910343170166,4.491693019866943,0.02391815185546875,0.018614768981933594,0.28304519819146046,0.3161662507543482,0.44657487696809806,0.49042600382985313,0.936022201735378,0.8789680798966376,64221.82250426142,62064.342846065396,0.043119396042415756,0.043492992148042746,0.2936543548381673,0.2946932234347433
0.05,0.05000000000000001,35,6czg_rmsd_0.05_rep_35.pdb,0.3159829080104828,0.45508477091789246,0.01788341999053955,0.01671507954597473,4.355859756469727,4.489782333374023,0.017867565155029297,0.016704082489013672,0.281870154076729,0.31874132723776594,0.44689920705683295,0.49264185941036703,0.9366340280695271,0.8800685083743457,63596.58543424299,61439.10577604696,0.042126988830000704,0.042431073950052994,0.2552623550061694,0.254291238882985
0.05,0.05,36,6czg_rmsd_0.05_rep_36.pdb,0.31809210777282715,0.4495408236980438,0.01999261975288391,0.011171132326126099,4.357977867126465,4.48430871963501,0.019985675811767578,0.01123046875,0.2826110523171331,0.3203659473685645,0.44808743698037545,0.4990801547014767,0.9367160020025925,0.8804259716379407,68156.86018326916,65999.38052507314,0.04257020649471622,0.042863311914610576,0.2738778920699638,0.2730667658470242
0.05,0.05000000000000001,37,6czg_rmsd_0.05_rep_37.pdb,0.31508901715278625,0.44899916648864746,0.016989529132843018,0.010629475116729736,4.3549394607543945,4.483534812927246,0.016947269439697266,0.010456562042236328,0.28212898483444415,0.31863760781580835,0.446154082630899,0.4875596343717328,0.937053902096253,0.8862344261850018,68823.94810557042,66666.4684473744,0.04173148545191932,0.042045556132569606,0.2528121570501798,0.2514920380346029
0.05,0.05,38,6czg_rmsd_0.05_rep_38.pdb,0.3164398968219757,0.460867315530777,0.01834040880203247,0.022497624158859253,4.356441974639893,4.495494842529297,0.018449783325195312,0.02241659164428711,0.281418614928365,0.32447940313044793,0.4479777109871164,0.49437903704686226,0.9362179635617743,0.8865281290260106,68384.11000313044,66226.63034493441,0.04199061358101011,0.042332856290372214,0.26235752610125623,0.2617918213943708
0.05,0.05,39,6czg_rmsd_0.05_rep_39.pdb,0.3183969557285309,0.4649142920970917,0.020297467708587646,0.02654460072517395,4.358766078948975,4.499812126159668,0.020773887634277344,0.026733875274658203,0.2820497035602798,0.3215415011797974,0.4463695376196747,0.4865512666131852,0.9362284648825339,0.8843555230121418,65161.1400948263,63003.66043663028,0.04236908349135449,0.04274326918298877,0.26857489705674525,0.27090482882558875
0.05,0.05,40,6czg_rmsd_0.05_rep_40.pdb,0.322182297706604,0.4574507176876068,0.024082809686660767,0.019081026315689087,4.3621602058410645,4.492455005645752,0.024168014526367188,0.019376754760742188,0.28462684472158556,0.31625640983789277,0.4494888848963159,0.4875211631550586,0.9351311929777629,0.8797334930931829,65788.47750513747,63630.99784694145,0.04347113228567593,0.04380498370777003,0.2915298145913525,0.29082810636748546
0.05,0.05,41,6czg_rmsd_0.05_rep_41.pdb,0.316744327545166,0.46435803174972534,0.01864483952522278,0.025988340377807617,4.3568434715271,4.4996018409729,0.018851280212402344,0.026523590087890625,0.2815009165827424,0.32793200139944323,0.44816630843778127,0.507323435073152,0.9354043642291822,0.8780032645793836,64859.1149078124,62701.635249616374,0.04241140591846358,0.04271761598796818,0.26250088997465054,0.2629847995892665
0.05,0.05000000000000001,42,6czg_rmsd_0.05_rep_42.pdb,0.320180207490921,0.46325334906578064,0.022080719470977783,0.024883657693862915,4.360265731811523,4.498208999633789,0.022273540496826172,0.025130748748779297,0.2836004615732574,0.32320519275897536,0.4473261967754155,0.49168956403967906,0.9359559152545197,0.8826961188063461,69250.33420453931,67092.85454634328,0.04251536001534121,0.04285496091847073,0.28621552389845406,0.28620358967158155
0.05,0.05000000000000001,43,6czg_rmsd_0.05_rep_43.pdb,0.31752434372901917,0.4408644735813141,0.019424855709075928,0.0024947822093963623,4.357464790344238,4.475888729095459,0.019472599029541016,0.0028104782104492188,0.28221210084457576,0.31379303473534526,0.44658031647242846,0.48287119736262474,0.935989783212809,0.882289039530418,64251.497314610744,62094.01765641472,0.042333620799111925,0.04266639982908269,0.26620408865682754,0.26547088771119853
0.05,0.04999999999999999,44,6czg_rmsd_0.05_rep_44.pdb,0.3172609210014343,0.4488929510116577,0.01916143298149109,0.01052325963973999,4.357189178466797,4.48357629776001,0.01919698715209961,0.010498046875,0.28182327269146956,0.31797103582956654,0.44519566647458575,0.4886889904823925,0.9356681080789337,0.8858082494957159,65346.530563292836,63189.05090509681,0.04211542231637421,0.042429169766597524,0.2717578662151009,0.270995124891004
0.05,0.05000000000000001,45,6czg_rmsd_0.05_rep_45.pdb,0.3188827931880951,0.46359744668006897,0.020783305168151855,0.025227755308151245,4.358865261077881,4.498584747314453,0.020873069763183594,0.02550649642944336,0.28251669187409123,0.3197905658747753,0.44696758715953117,0.4954017478950876,0.9371306160942193,0.8829988819238832,70251.495732667,68094.01607447097,0.042593564026428235,0.042907058471253486,0.281920623807692,0.2814321989333365
0.05,0.05,46,6czg_rmsd_0.05_rep_46.pdb,0.3195497691631317,0.466230183839798,0.021450281143188477,0.02786049246788025,4.35963249206543,4.500967025756836,0.021640300750732422,0.027888774871826172,0.28365451465837704,0.3222495987911753,0.44695631668566543,0.4961879519252245,0.9353537480364531,0.8797149323774381,65378.12286329405,63220.64320509802,0.04245253395640728,0.04280669896063099,0.2820286813657727,0.2820019687473263
0.05,0.05,47,6czg_rmsd_0.05_rep_47.pdb,0.3193986713886261,0.4575374722480774,0.02129918336868286,0.019167780876159668,4.359503269195557,4.492552757263184,0.021511077880859375,0.019474506378173828,0.2829041649553711,0.31752189921916324,0.4482943665955938,0.4838511756608114,0.9360531301258471,0.8850308124136134,67851.4683622628,65693.98870406678,0.0434032906426803,0.04378786470492112,0.2722953284025037,0.2723172133045588
0.05,0.05,48,6czg_rmsd_0.05_rep_48.pdb,0.31878340244293213,0.45882344245910645,0.02068391442298889,0.02045375108718872,4.358945369720459,4.494227886199951,0.02095317840576172,0.021149635314941406,0.28296097876947085,0.31996632657875157,0.4495973245125126,0.4996980032716615,0.9352767695229246,0.8820328211744698,68610.33733046598,66452.85767226995,0.04187519218544259,0.04224618500889509,0.271426871140651,0.2719979535009648
0.05,0.05000000000000001,49,6czg_rmsd_0.05_rep_49.pdb,0.3200208246707916,0.4545895457267761,0.02192133665084839,0.0162198543548584,4.360104084014893,4.489551544189453,0.022111892700195312,0.01647329330444336,0.28300158907559186,0.3196611216165534,0.4495933374920904,0.49510519912037115,0.9349508709011753,0.8827622884561044,63639.79337131388,61482.31371311785,0.042749777034691926,0.04309502344231801,0.2820256109012582,0.2819999658077738
0.1,0.09999999999999999,0,6czg_rmsd_0.10_rep_00.pdb,0.3761095404624939,0.5185375809669495,0.07801005244255066,0.08016788959503174,4.417353630065918,4.5545806884765625,0.0793614387512207,0.08150243759155273,0.304392166003696,0.33763991558445317,0.4715796107639542,0.5142740760879873,0.9286421812528984,0.8644364581502104,255507.55393491636,253350.07427672035,0.05044272290958816,0.051019392432733304,0.43097250464713244,0.43229341083957834
0.1,0.10000000000000002,1,6czg_rmsd_0.10_rep_01.pdb,0.3842451572418213,0.506654679775238,0.08614566922187805,0.06828498840332031,4.42464542388916,4.541365623474121,0.08665323257446289,0.06828737258911133,0.30588838799118745,0.3367318243605279,0.47423815430678573,0.5097137557919965,0.9288344727518539,0.8801780686246392,277391.77318074874,275234.2935225527,0.052095489533111,0.05244186975810269,0.43814047837271286,0.43824438084523293
0.1,0.1,2,6czg_rmsd_0.10_rep_02.pdb,0.38808730244636536,0.5292035341262817,0.08998781442642212,0.09083384275436401,4.4283766746521,4.564406871795654,0.09038448333740234,0.09132862091064453,0.30881699008356583,0.341948832927495,0.4768013494927737,0.5123905773976166,0.9306414123279493,0.8709615909843883,262362.7935054397,260205.31384724367,0.053437311129129604,0.05383270393577044,0.44339443826817887,0.4426990241741866
0.1,0.10000000000000002,3,6czg_rmsd_0.10_rep_03.pdb,0.3872773051261902,0.5194380879402161,0.08917781710624695,0.08106839656829834,4.428177356719971,4.554928779602051,0.09018516540527344,0.08185052871704102,0.30635844689405045,0.34148963684701333,0.47445309395780866,0.5181184132363607,0.9307752693491725,0.8738125876706185,250593.9739569091,248436.49429871305,0.05351874986988905,0.05397728981723969,0.4384752915756117,0.4393820644275165
0.1,0.09999999999999999,4,6czg_rmsd_0.10_rep_04.pdb,0.37893548607826233,0.5122913122177124,0.08083599805831909,0.07392162084579468,4.419084072113037,4.5481061935424805,0.08109188079833984,0.0750279426574707,0.3058580706854339,0.33817144101681385,0.4727313519470684,0.5171515525012073,0.9313968728525814,0.8837869993532077,256960.25964876235,254802.7799905663,0.051904300997410634,0.05224108103886548,0.4423383154446417,0.4416895525018716
0.1,0.1,5,6czg_rmsd_0.10_rep_05.pdb,0.3785257637500763,0.4896422326564789,0.08042627573013306,0.05127254128456116,4.418764591217041,4.524655342102051,0.08077239990234375,0.051577091217041016,0.30583559931185783,0.33313264265887915,0.4706726402068864,0.5026449671737129,0.9304880829900305,0.8881568310583894,260452.65557921364,258295.1759210176,0.05125656859567742,0.051677944786606735,0.4340871712768371,0.4332508262138911
0.1,0.10000000000000002,6,6czg_rmsd_0.10_rep_06.pdb,0.3823079764842987,0.4957815110683441,0.08420848846435547,0.05741181969642639,4.422424793243408,4.530756950378418,0.08443260192871094,0.0576786994934082,0.3041154426253268,0.3244383495806184,0.46957763801860086,0.4906436798666561,0.9302481512814834,0.8871067921162583,256089.38996072696,253931.91030253092,0.05067124326260807,0.051030512282149595,0.4452236953643828,0.4443334256055588
0.1,0.1,7,6czg_rmsd_0.10_rep_07.pdb,0.38036444783210754,0.5157749652862549,0.0822649598121643,0.07740527391433716,4.421082019805908,4.550658702850342,0.08308982849121094,0.07758045196533203,0.30584441075783325,0.3379931141818995,0.4739876033280087,0.5168070204905035,0.9305280451415147,0.8786347415329313,257040.38601618606,254882.90635799005,0.05053647146086353,0.051065460665682516,0.4353288828187164,0.4356489391094649
0.1,0.1,8,6czg_rmsd_0.10_rep_08.pdb,0.38022366166114807,0.5097212791442871,0.08212417364120483,0.07135158777236938,4.420516014099121,4.544538974761963,0.08252382278442383,0.07146072387695312,0.305819478388713,0.34138580739053337,0.4684458518601137,0.5130200379278425,0.9291191886747241,0.8760139690960757,260057.49115969494,257900.01150149893,0.050735704929749284,0.05114403552303429,0.45601756876629246,0.4552068495684408
0.1,0.1,9,6czg_rmsd_0.10_rep_09.pdb,0.3829064667224884,0.5321230888366699,0.08480697870254517,0.0937533974647522,4.4236345291137695,4.567780017852783,0.08564233779907227,0.09470176696777344,0.30498314858902953,0.3440957054107742,0.4734170009361798,0.5262961221889632,0.929269856496599,0.8655763728066834,254038.25448699621,251880.77482880017,0.05283412259807707,0.053239582456850856,0.44024710309655674,0.44112623401919593
0.1,0.1,10,6czg_rmsd_0.10_rep_10.pdb,0.3836475908756256,0.4995117783546448,0.08554810285568237,0.06114208698272705,4.4242939949035645,4.535268783569336,0.08630180358886719,0.06219053268432617,0.30566952292535754,0.32511530099543684,0.47141458466244057,0.49676546456863846,0.92900004796866,0.8717338214894438,252620.025990827,250462.54633263097,0.05189640062172836,0.052408895227537826,0.4353154833605233,0.4347866568882545
0.1,0.1,11,6czg_rmsd_0.10_rep_11.pdb,0.3787012994289398,0.5238811373710632,0.08060181140899658,0.08551144599914551,4.419224262237549,4.5590081214904785,0.08123207092285156,0.08592987060546875,0.30544382889857385,0.3417710120048059,0.47241515029657843,0.5164557388558098,0.9287244731044912,0.8754902769464088,257975.46512034987,255817.98546215385,0.051560061265981616,0.051933236682485485,0.4309903581553415,0.43134696973167563
0.1,0.10000000000000002,12,6czg_rmsd_0.10_rep_12.pdb,0.3794819712638855,0.5322585105895996,0.08138248324394226,0.09388881921768188,4.419999122619629,4.567217826843262,0.08200693130493164,0.09413957595825195,0.3054479215184003,0.3445763600924822,0.4731005785495852,0.5178310222505814,0.9288142476156129,0.8754946631757187,266826.25402040966,264668.7743622136,0.05136941907790004,0.05183347198826711,0.438589907649918,0.4380440600328851
0.1,0.10000000000000002,13,6czg_rmsd_0.10_rep_13.pdb,0.3775329291820526,0.5270113348960876,0.07943344116210938,0.08864164352416992,4.418186187744141,4.562267780303955,0.08019399642944336,0.08918952941894531,0.30529963630584345,0.3421011169940364,0.47080330301837603,0.5160063140152839,0.9300395177815806,0.8755131010498133,260295.88788743987,258138.40822924383,0.05244271988952502,0.05300062126527122,0.43073448086282484,0.4300389968299991
0.1,0.1,14,6czg_rmsd_0.10_rep_14.pdb,0.3793223202228546,0.5250392556190491,0.08122283220291138,0.08666956424713135,4.419906139373779,4.560279846191406,0.08191394805908203,0.08720159530639648,0.3065429699073622,0.3411716675474018,0.4741239200318214,0.5240811081615542,0.9334559841628167,0.8732687925311342,256227.88904221595,254070.4093840199,0.05235890069622566,0.052823106996677,0.4288786926358313,0.428847581097115
0.1,0.10000000000000002,15,6czg_rmsd_0.10_rep_15.pdb,0.3745321035385132,0.5296467542648315,0.07643261551856995,0.09127706289291382,4.414660930633545,4.56523323059082,0.07666873931884766,0.09215497970581055,0.30409206332038424,0.34844236275870977,0.47268016527962337,0.5319883839121257,0.9305991044721674,0.8799778161086749,257165.43165648193,255007.9519982859,0.05054971684626693,0.050894292007940975,0.4229709527058746,0.42244696034988927
0.1,0.10000000000000002,16,6czg_rmsd_0.10_rep_16.pdb,0.37952977418899536,0.5163781046867371,0.08143028616905212,0.07800841331481934,4.420663833618164,4.551265239715576,0.0826716423034668,0.0781869888305664,0.30546286004570833,0.34900561991477635,0.47380291649838313,0.5343301778039844,0.9319407157050051,0.8829171780803462,273469.43722035724,271311.9575621612,0.05028649043945682,0.05094742156102876,0.4328185717134708,0.43365889427007115
0.1,0.1,17,6czg_rmsd_0.10_rep_17.pdb,0.38116130232810974,0.5320718884468079,0.0830618143081665,0.09370219707489014,4.422064304351807,4.568591594696045,0.08407211303710938,0.09551334381103516,0.30574648136697435,0.33904300014233574,0.47309867050094945,0.5175728264564199,0.9287280560623119,0.8841063215581073,257837.70789751975,255680.2282393237,0.051458280328901165,0.05198083654742193,0.4401636094635828,0.4405176808097304
0.1,0.10000000000000002,18,6czg_rmsd_0.10_rep_18.pdb,0.3850075602531433,0.5204214453697205,0.08690807223320007,0.08205175399780273,4.425673007965088,4.556393146514893,0.08768081665039062,0.08331489562988281,0.3060944411932087,0.3422165973540054,0.4700585205799072,0.5274328133173559,0.930072748509152,0.8671381853464841,273381.2896842764,271223.81002608035,0.05272927718651916,0.053206050430133336,0.44466800245091503,0.44501746839507555
0.1,0.1,19,6czg_rmsd_0.10_rep_19.pdb,0.37690070271492004,0.5329331755638123,0.0788012146949768,0.09456348419189453,4.41807222366333,4.568068504333496,0.08008003234863281,0.09499025344848633,0.30443683154001844,0.3442676155709132,0.47239306888152305,0.5245351061658169,0.9292379996936443,0.8674392735831402,266777.08629051386,264619.6066323178,0.050507578051494875,0.051009350152171784,0.4413259525036445,0.44328649177688934
0.1,0.10000000000000002,20,6czg_rmsd_0.10_rep_20.pdb,0.3830913305282593,0.5179533958435059,0.08499184250831604,0.07958370447158813,4.423980712890625,4.552906036376953,0.08598852157592773,0.07982778549194336,0.30697164758229895,0.3427626394396454,0.4766456214128473,0.5244595226189478,0.9289690030286055,0.8739506558832094,255973.83822099166,253816.35856279562,0.051302720554293815,0.05178394837978879,0.449480271699032,0.45009800901515196
0.1,0.1,21,6czg_rmsd_0.10_rep_21.pdb,0.38094159960746765,0.49800658226013184,0.08284211158752441,0.05963689088821411,4.421194076538086,4.533624172210693,0.08320188522338867,0.060545921325683594,0.3058952322435458,0.3287104138524613,0.4742548574313789,0.5030709724403912,0.9285325495381362,0.8671130227467146,269709.67306160316,267552.1934034071,0.05185544983091474,0.052280353419411445,0.43509413971782196,0.43413816900207053
0.1,0.09999999999999998,22,6czg_rmsd_0.10_rep_22.pdb,0.37885022163391113,0.5242871642112732,0.0807507336139679,0.08591747283935547,4.419551849365234,4.560837745666504,0.08155965805053711,0.08775949478149414,0.30511189327552857,0.3394551963876866,0.47772082238963604,0.5360367193333342,0.9291438235194042,0.8675882860476475,274709.6616138966,272552.18195570057,0.051039607770696646,0.05150340919578389,0.43600929114045667,0.4359209937318424
0.1,0.1,23,6czg_rmsd_0.10_rep_23.pdb,0.3857746124267578,0.5066854357719421,0.08767512440681458,0.06831574440002441,4.426118850708008,4.5422468185424805,0.08812665939331055,0.0691685676574707,0.3057304803707516,0.33483648933495896,0.4691722925823393,0.5126266857456955,0.932942894346504,0.8751066960337534,259205.0489625026,257047.56930430658,0.05204140471122428,0.05243708942122083,0.44616331060470044,0.44563885248938606
0.1,0.1,24,6czg_rmsd_0.10_rep_24.pdb,0.3830784261226654,0.5140489339828491,0.08497893810272217,0.0756792426109314,4.423952579498291,4.549450397491455,0.08596038818359375,0.07637214660644531,0.30660704679283546,0.33904363889114253,0.4707720561739898,0.5154332126137745,0.9282103980216448,0.8717843553527342,259647.09045387388,257489.61079567787,0.05163734455855373,0.05212341344242755,0.44841588119908043,0.44890338852876327
0.1,0.1,25,6czg_rmsd_0.10_rep_25.pdb,0.38078007102012634,0.4968533515930176,0.0826805830001831,0.058483660221099854,4.421326637268066,4.532459735870361,0.08333444595336914,0.05938148498535156,0.3055976155098503,0.3391392149783777,0.47066892062073457,0.5228815513584469,0.931702956557357,0.8775286811225471,248837.3819628852,246679.90230468917,0.05146444696013917,0.05180523100226706,0.44137591308725294,0.44214624432776994
0.1,0.1,26,6czg_rmsd_0.10_rep_26.pdb,0.3807958662509918,0.5136500597000122,0.08269637823104858,0.07528036832809448,4.421319961547852,4.548799514770508,0.0833277702331543,0.07572126388549805,0.30427580250809455,0.34256977244741527,0.4727352274372008,0.5243815530949544,0.9305509214776149,0.8784737584264767,256914.23355947694,254756.75390128093,0.050943774961207056,0.05135152912584456,0.43145848698119127,0.43172296242425534
0.1,0.1,27,6czg_rmsd_0.10_rep_27.pdb,0.3796607255935669,0.516158401966095,0.08156123757362366,0.07778871059417725,4.420216083526611,4.552696228027344,0.08222389221191406,0.07961797714233398,0.30631695400901154,0.3382093405670297,0.47385269703178673,0.5172340123820208,0.9295559838653047,0.866879508108695,256150.507980494,253993.02832229796,0.051097090669849285,0.0514829190947203,0.43609199201122684,0.43667721271094745
0.1,0.10000000000000002,28,6czg_rmsd_0.10_rep_28.pdb,0.3817214071750641,0.516105055809021,0.08362191915512085,0.07773536443710327,4.422619819641113,4.5513200759887695,0.08462762832641602,0.07824182510375977,0.30712273052511363,0.3455266486944082,0.47336227986463336,0.5170281549807666,0.9302755805327938,0.8785573718992038,256857.42240678336,254699.94274858735,0.05288419382496287,0.05339048173202469,0.4374074128867481,0.4381891732037372
0.1,0.1,29,6czg_rmsd_0.10_rep_29.pdb,0.37323179841041565,0.534459114074707,0.07513231039047241,0.0960894227027893,4.414084434509277,4.569980144500732,0.07609224319458008,0.09690189361572266,0.3014254443899102,0.3465191657017788,0.4684999229493247,0.5284835123242109,0.9292632561263366,0.8674869226252316,266205.32728339126,264047.8476251952,0.05086117857446121,0.05124255888434063,0.42780681947144705,0.4292724779048298
0.1,0.10000000000000002,30,6czg_rmsd_0.10_rep_30.pdb,0.37076535820961,0.5115684270858765,0.07266587018966675,0.07319873571395874,4.410793781280518,4.546836853027344,0.07280158996582031,0.07375860214233398,0.3028865036953443,0.33279775507364834,0.4621296399168049,0.5069034600304134,0.9304566124925759,0.872438877009513,260421.6934087174,258264.21375052136,0.05076636228376638,0.05108774775361244,0.4162549303223975,0.4154051013522677
0.1,0.1,31,6czg_rmsd_0.10_rep_31.pdb,0.37538957595825195,0.5036509037017822,0.07729008793830872,0.0652812123298645,4.416184425354004,4.539106845855713,0.07819223403930664,0.06602859497070312,0.30486168625739535,0.32980368972374985,0.4700740043347487,0.4970993246271857,0.9304221976468051,0.8745709655132587,253379.00951576643,251221.52985757042,0.050194742221884775,0.0507143286854889,0.43329687650315435,0.43359245966419563
0.1,0.09999999999999998,32,6czg_rmsd_0.10_rep_32.pdb,0.38065245747566223,0.5125374794006348,0.082552969455719,0.07416778802871704,4.420949935913086,4.548661708831787,0.08295774459838867,0.07558345794677734,0.3066321051002203,0.3391239050102323,0.4726213242010467,0.5088688523335012,0.93147434468808,0.8829024495110868,262362.7487867094,260205.26912851335,0.05169784083856286,0.05207867310802352,0.4503674962552481,0.4503241559767307
0.1,0.09999999999999999,33,6czg_rmsd_0.10_rep_33.pdb,0.3730902075767517,0.5332252979278564,0.07499071955680847,0.09485560655593872,4.413763523101807,4.568512439727783,0.07577133178710938,0.09543418884277344,0.30173619493266635,0.34884109036764627,0.47050459577232845,0.5337609360312576,0.9311117270008452,0.8764110581897888,263997.56066255976,261840.08100436372,0.05104123053122864,0.051482989231744526,0.42581462706862694,0.4271251305293543
0.1,0.1,34,6czg_rmsd_0.10_rep_34.pdb,0.3794859051704407,0.521603524684906,0.08138641715049744,0.08323383331298828,4.420350551605225,4.556641578674316,0.08235836029052734,0.08356332778930664,0.3037565041477481,0.34415250146451914,0.47372480749692886,0.5215906515668286,0.9286987933561449,0.8794390382054139,268555.4803664835,266398.00070828747,0.050440084612179116,0.05086793142373201,0.43659309012223363,0.4377953354074393
0.1,0.10000000000000002,35,6czg_rmsd_0.10_rep_35.pdb,0.38411882519721985,0.48842868208885193,0.08601933717727661,0.050058990716934204,4.424922943115234,4.5233001708984375,0.08693075180053711,0.050221920013427734,0.3062491257028106,0.3345580751029171,0.472390874097761,0.5135896739194596,0.9282869431342873,0.8766545334239666,260417.87948429,258260.39982609398,0.05168680842163483,0.052123507761532795,0.43810494917629517,0.4384700390367291
0.1,0.09999999999999999,36,6czg_rmsd_0.10_rep_36.pdb,0.3809816539287567,0.5278639197349548,0.08288216590881348,0.08949422836303711,4.421149730682373,4.564304351806641,0.08315753936767578,0.09122610092163086,0.30525771843421673,0.3463891296265364,0.4741952314114863,0.5297449435329665,0.9303253617525854,0.8665243446309421,250526.3979968686,248368.91833867255,0.05178011768114072,0.052098261337158655,0.44066100451122325,0.44003901017537655
0.1,0.10000000000000002,37,6czg_rmsd_0.10_rep_37.pdb,0.38053566217422485,0.5252437591552734,0.08243617415428162,0.08687406778335571,4.421318054199219,4.560516357421875,0.08332586288452148,0.08743810653686523,0.3050687103296029,0.3401896657980353,0.4693856173336704,0.5183735090386316,0.9306045937352866,0.8750572412834412,266625.4248198681,264467.9451616721,0.05107184403993529,0.05152809714804973,0.4398741201868655,0.4407545900338534
0.1,0.1,38,6czg_rmsd_0.10_rep_38.pdb,0.37495461106300354,0.5022322535514832,0.0768551230430603,0.06386256217956543,4.414941787719727,4.536998748779297,0.0769495964050293,0.06392049789428711,0.30326950056512575,0.33547561609257537,0.46785910038076106,0.5108186887828078,0.9345987768846511,0.8866375821391913,263579.0776557342,261421.59799753816,0.050279587895371285,0.050571125147478135,0.4352853317546798,0.43481048800177413
0.1,0.10000000000000002,39,6czg_rmsd_0.10_rep_39.pdb,0.3806593418121338,0.518607497215271,0.08255985379219055,0.08023780584335327,4.421261787414551,4.553380966186523,0.08326959609985352,0.08030271530151367,0.3068326954884619,0.34152336352247215,0.47477839016340384,0.5207036562049405,0.9265297821762097,0.875753793444789,275021.6350727723,272864.15541457623,0.05105425835036775,0.05141795832043735,0.44340966609796373,0.4440251931662222
0.1,0.1,40,6czg_rmsd_0.10_rep_40.pdb,0.38676854968070984,0.48917481303215027,0.0886690616607666,0.050805121660232544,4.42696475982666,4.524125576019287,0.08897256851196289,0.051047325134277344,0.3061093618077382,0.3321678865474117,0.47092973680866734,0.5068909030258859,0.9309033261962248,0.8718275803458857,259493.70405475565,257336.22439655964,0.05234336732113364,0.05275318420317918,0.4414089325951187,0.44069729174993133
0.1,0.09999999999999999,41,6czg_rmsd_0.10_rep_41.pdb,0.3770788609981537,0.5272262692451477,0.07897937297821045,0.08885657787322998,4.417288780212402,4.564193248748779,0.07929658889770508,0.09111499786376953,0.3051244083119567,0.33984105681253984,0.4733691276086869,0.5018942046145541,0.9294050683340268,0.8720983800443244,265659.49991837796,263502.0202601819,0.051269244347205166,0.05173104364219868,0.4258579198912102,0.4248150806516066
0.1,0.1,42,6czg_rmsd_0.10_rep_42.pdb,0.3790808618068695,0.49848878383636475,0.08098137378692627,0.06011909246444702,4.419336795806885,4.5335259437561035,0.0813446044921875,0.06044769287109375,0.30511620175384707,0.3337426467398978,0.47126442372354216,0.502963909094227,0.930660885481026,0.8788417807877286,267070.1151796463,264912.63552145025,0.052452931761150345,0.05284963107278211,0.4313068412554238,0.43102901706152286
0.1,0.1,43,6czg_rmsd_0.10_rep_43.pdb,0.37975338101387024,0.5227299928665161,0.081653892993927,0.08436030149459839,4.420413017272949,4.557928085327148,0.08242082595825195,0.08484983444213867,0.30659180920605333,0.3490152640997841,0.4717884061723331,0.5286407091093542,0.9325745507817333,0.8740233285725495,270000.87212243525,267843.3924642392,0.051645535384017574,0.052144462912034464,0.43154434452345836,0.4314383539957503
0.1,0.10000000000000002,44,6czg_rmsd_0.10_rep_44.pdb,0.3719642758369446,0.5418388247489929,0.07386478781700134,0.1034691333770752,4.4126176834106445,4.577484607696533,0.07462549209594727,0.10440635681152344,0.30032246777457433,0.34876284432456656,0.46606507935973035,0.5242995790502777,0.9287529599208381,0.873826132717391,256513.02563715482,254355.54597895878,0.050790049226719466,0.05130929059527252,0.424513644821154,0.42450016092658266
0.1,0.1,45,6czg_rmsd_0.10_rep_45.pdb,0.3865841031074524,0.5143893361091614,0.08848461508750916,0.07601964473724365,4.426904201507568,4.5498881340026855,0.0889120101928711,0.07680988311767578,0.3063152766700766,0.3322341433342915,0.4730147102311243,0.5049310679309328,0.9300901041459976,0.8861117586606164,262267.42215582676,260109.94249763072,0.05229904545416231,0.052692552387879454,0.4573638810301924,0.45693529852212006
0.1,0.10000000000000002,46,6czg_rmsd_0.10_rep_46.pdb,0.38756436109542847,0.5038929581642151,0.08946487307548523,0.06552326679229736,4.428365230560303,4.538783073425293,0.09037303924560547,0.0657048225402832,0.3068863608867314,0.33234469205384165,0.47119047679967935,0.49963429494979095,0.9265540068625527,0.8776819527370436,258515.49412576895,256358.0144675729,0.05251344987518512,0.05298459281539587,0.4567192663087996,0.45697519120947383
0.1,0.1,47,6czg_rmsd_0.10_rep_47.pdb,0.3800983726978302,0.5300309658050537,0.08199888467788696,0.09166127443313599,4.420644283294678,4.56483268737793,0.08265209197998047,0.09175443649291992,0.30570265306994393,0.34569726546583684,0.47143648641321273,0.5054215344774472,0.9307894126246882,0.8896730613223421,257612.17798743024,255454.6983292342,0.051592380424465574,0.05200975375486665,0.43858441686303873,0.4385322716909564
0.1,0.10000000000000002,48,6czg_rmsd_0.10_rep_48.pdb,0.3898904025554657,0.5530042052268982,0.09179091453552246,0.11463451385498047,4.430560111999512,4.588985443115234,0.09256792068481445,0.11590719223022461,0.31068113049805735,0.3456821731687027,0.4801753887067925,0.5314490578871539,0.9291595473381119,0.861623800785398,262607.6912471146,260450.21158891858,0.05311333754196751,0.05356937972752723,0.4557457400141495,0.4556840992881072
0.1,0.1,49,6czg_rmsd_0.10_rep_49.pdb,0.3787093460559845,0.5131187438964844,0.08060985803604126,0.07474905252456665,4.419163227081299,4.548647880554199,0.08117103576660156,0.07556962966918945,0.3037277287769222,0.33748379090868386,0.4704402417734747,0.5171256445385647,0.9278548407270583,0.8765377235562696,261023.7732112698,258866.29355307377,0.05162362661478259,0.052092525583221125,0.4347251582520161,0.43442805049116917
0.25,0.25,0,6czg_rmsd_0.25_rep_00.pdb,0.7457926273345947,0.8454664349555969,0.4476931393146515,0.4070967435836792,4.788801670074463,4.891744136810303,0.4508094787597656,0.41866588592529297,0.41749406868736016,0.4339548978494631,0.6056944364771609,0.6522410937176495,0.8895734482164686,0.7965300524727746,1607302.232284734,1605144.752626538,0.08189546553077581,0.08299061586038287,0.5286240545110397,0.528323370758819
0.25,0.25,1,6czg_rmsd_0.25_rep_01.pdb,0.7295774221420288,0.8991485834121704,0.43147793412208557,0.4607788920402527,4.775938987731934,4.949960708618164,0.43794679641723633,0.4768824577331543,0.4127095326373823,0.4608296014749072,0.6014683754748605,0.6748505746392602,0.8932376296302782,0.8345400349684319,1652364.5219449184,1650207.0422867225,0.0776840205619025,0.07935282358092569,0.525934439273952,0.5274538311583697
0.25,0.25,2,6czg_rmsd_0.25_rep_02.pdb,0.7571077346801758,0.8462501764297485,0.45900824666023254,0.4078804850578308,4.801224231719971,4.8852314949035645,0.46323204040527344,0.4121532440185547,0.4182486410282005,0.43928622778770055,0.6109509009953646,0.6376316099392743,0.8854547404982429,0.8242162774079146,1575865.4497887413,1573707.9701305453,0.0824991647830414,0.08391074822136046,0.5348766672599296,0.5359545815387915
0.25,0.25000000000000006,3,6czg_rmsd_0.25_rep_03.pdb,0.722438395023346,0.8574927449226379,0.4243389070034027,0.4191230535507202,4.7696990966796875,4.899929046630859,0.43170690536499023,0.4268507957458496,0.409965156480741,0.4364467187487122,0.5914718644243354,0.6242381232173028,0.8976529805179853,0.8236973030134187,1648293.0102997883,1646135.5306415923,0.07982053453490882,0.08192816832051557,0.5307475126618466,0.5318686084096171
0.25,0.25,4,6czg_rmsd_0.25_rep_04.pdb,0.7621057629585266,0.9295498728752136,0.4640062749385834,0.4911801815032959,4.8086347579956055,4.977051734924316,0.4706425666809082,0.5039734840393066,0.41865614616994773,0.45536256816957066,0.6131199179532397,0.6847422544190191,0.8948096180616525,0.790772772570984,1590519.5056830002,1588362.0260248042,0.0836442731891316,0.08501073467982591,0.529905675334703,0.5317512225029571
0.25,0.24999999999999997,5,6czg_rmsd_0.25_rep_05.pdb,0.7512831687927246,0.8277062177658081,0.45318368077278137,0.3893365263938904,4.797445297241211,4.873902797698975,0.45945310592651367,0.40082454681396484,0.4188781654914045,0.43744401476386546,0.6081769511089753,0.6371701633036977,0.8939122369883169,0.8329215795898659,1578719.0996992968,1576561.6200411008,0.08423137529373938,0.08586194866821265,0.5161726098157903,0.515989213854699
0.25,0.25,6,6czg_rmsd_0.25_rep_06.pdb,0.7630323171615601,0.8914855122566223,0.4649328291416168,0.4531158208847046,4.807164192199707,4.9346418380737305,0.46917200088500977,0.4615635871887207,0.4235750738554216,0.44581057443614813,0.6168518313488519,0.660350139826041,0.8889178843137165,0.8014796074190428,1571094.6101656742,1568937.1305074783,0.08319154568505643,0.08449000098737314,0.5472801422710962,0.5483328492958293
0.25,0.25,7,6czg_rmsd_0.25_rep_07.pdb,0.7467078566551208,0.8908613324165344,0.4486083686351776,0.4524916410446167,4.792624473571777,4.929582595825195,0.4546322822570801,0.45650434494018555,0.4149503429750626,0.45646675257653896,0.6069852402135848,0.6767531645382884,0.8911941207088815,0.8042315569976628,1592005.9464631642,1589848.4668049682,0.07824565245383899,0.07979391095400368,0.5328637352709192,0.5349499418624052
0.25,0.25,8,6czg_rmsd_0.25_rep_08.pdb,0.7687594890594482,0.8464705944061279,0.470660001039505,0.4081009030342102,4.817310333251953,4.887296199798584,0.47931814193725586,0.4142179489135742,0.42076815849846505,0.43958433970695043,0.6161960557523315,0.6537490104992961,0.8853512592845014,0.8379722553733325,1596915.9577067373,1594758.4780485414,0.0854470786665006,0.08740896445056677,0.5250040528056398,0.5285814069316875
0.25,0.25,9,6czg_rmsd_0.25_rep_09.pdb,0.7396618127822876,0.851036787033081,0.44156232476234436,0.41266709566116333,4.784090042114258,4.891145706176758,0.44609785079956055,0.41806745529174805,0.4160602510893946,0.42582115291640293,0.6001146053993942,0.6042922903264537,0.8914920307938623,0.8387468369742543,1583924.3466463708,1581766.8669881749,0.0772178664135479,0.07842952000197961,0.5402356447275505,0.5411905491389212
0.25,0.24999999999999997,10,6czg_rmsd_0.25_rep_10.pdb,0.7533044219017029,0.8452456593513489,0.45520493388175964,0.40687596797943115,4.799009323120117,4.892189979553223,0.4610171318054199,0.4191117286682129,0.4177003480493266,0.4350462880207911,0.6115781412054033,0.6250428265980391,0.8820544493151803,0.8406957459695886,1628723.4341682086,1626565.9545100126,0.08132564039660901,0.08281208005020303,0.5354208058216015,0.5359667184392201
0.25,0.25,11,6czg_rmsd_0.25_rep_11.pdb,0.7274466753005981,0.8629512786865234,0.4293471872806549,0.4245815873146057,4.77183723449707,4.902527332305908,0.43384504318237305,0.42944908142089844,0.4124859573957731,0.4263375101914452,0.5935483789167006,0.6339434663577367,0.8962422555228794,0.8155774937954942,1527441.8953435374,1525284.4156853415,0.0789010982425618,0.08013727254842046,0.5294351401761829,0.529671528929136
0.25,0.25,12,6czg_rmsd_0.25_rep_12.pdb,0.7494751811027527,0.8018250465393066,0.45137569308280945,0.3634553551673889,4.795281410217285,4.841536521911621,0.4572892189025879,0.36845827102661133,0.41848675581614453,0.43139528676902067,0.6057798008317141,0.6303205634844006,0.8843050383525266,0.8507011016641208,1648766.216385147,1646608.736726951,0.08153075542364437,0.08321430506124822,0.5418836610931914,0.5432091380927182
0.25,0.25,13,6czg_rmsd_0.25_rep_13.pdb,0.7490638494491577,0.8711991310119629,0.4509643614292145,0.43282943964004517,4.794551849365234,4.910277843475342,0.4565596580505371,0.43719959259033203,0.418761068376417,0.4459309706406922,0.6104017114746267,0.6312715216095599,0.8900566745974839,0.8434611351992293,1635501.9945708637,1633344.5149126677,0.0842699767809831,0.08567692147703745,0.5216403695371491,0.5224675301959779
0.25,0.25,14,6czg_rmsd_0.25_rep_14.pdb,0.7463635206222534,0.9282875061035156,0.4482640326023102,0.4899178147315979,4.792576789855957,4.96806526184082,0.45458459854125977,0.49498701095581055,0.41928961733004183,0.46303599666687206,0.6164599904651695,0.6684492119226512,0.8872107725981784,0.8253077394540328,1593159.726935704,1591002.247277508,0.07858158484842978,0.08039149563760514,0.5362998564728608,0.5383618123674792
0.25,0.24999999999999997,15,6czg_rmsd_0.25_rep_15.pdb,0.7270303964614868,0.8262090682983398,0.4289309084415436,0.3878393769264221,4.772896766662598,4.8669867515563965,0.4349045753479004,0.3939085006713867,0.4127961335008768,0.4279889015383481,0.6031027864152873,0.6176592015149684,0.8863371366877827,0.8452572831447674,1605609.4217759944,1603451.9421177984,0.07855266708787131,0.08027405733900317,0.5134249286842976,0.5159142529234303
0.25,0.24999999999999994,16,6czg_rmsd_0.25_rep_16.pdb,0.7428590059280396,0.8815922141075134,0.4447595179080963,0.4432225227355957,4.788208961486816,4.926741600036621,0.45021677017211914,0.45366334915161133,0.4202006693307311,0.4331051952098472,0.6090354985228745,0.6132829252411423,0.8848386476185913,0.8293666497089052,1618783.827792268,1616626.348134072,0.08065277328251227,0.08202295632756088,0.5360591224630649,0.5381660179713916
0.25,0.25,17,6czg_rmsd_0.25_rep_17.pdb,0.7837701439857483,0.8719959855079651,0.48567065596580505,0.43362629413604736,4.829277515411377,4.9183573722839355,0.4912853240966797,0.4452791213989258,0.4254740309177569,0.44659141112409706,0.6127615340511375,0.6638199229987407,0.8916844570969251,0.8190699014241765,1651444.3872909583,1649286.9076327623,0.08387260439520071,0.08536295961184304,0.5333648348809584,0.5346741176314282
0.25,0.25,18,6czg_rmsd_0.25_rep_18.pdb,0.7440218329429626,0.8041727542877197,0.4459223449230194,0.365803062915802,4.78978157043457,4.841189861297607,0.45178937911987305,0.36811161041259766,0.41757435406766324,0.4287344143625127,0.599809441807806,0.6262838253287953,0.8915897192433463,0.8446190245401246,1635261.5267597837,1633104.0471015878,0.08013055602443642,0.08192046388260439,0.5309604096468967,0.5308147951512119
0.25,0.24999999999999994,19,6czg_rmsd_0.25_rep_19.pdb,0.7441167235374451,0.9389551877975464,0.44601723551750183,0.5005854964256287,4.788901329040527,4.980135440826416,0.4509091377258301,0.5070571899414062,0.4175361050853745,0.4664339218240139,0.6082408756028429,0.6891929938106497,0.8879343346049062,0.8224596801324268,1555886.309717972,1553728.830059776,0.08264643221748522,0.08375648816402846,0.5277632921927095,0.5291769059226507
0.25,0.24999999999999997,20,6czg_rmsd_0.25_rep_20.pdb,0.7421955466270447,0.8345610499382019,0.44409605860710144,0.3961913585662842,4.787259578704834,4.8756914138793945,0.4492673873901367,0.40261316299438477,0.4168823974695841,0.4323017079434706,0.6047748148420083,0.6302189664245982,0.8917846673975734,0.8614020969357692,1542129.927341654,1539972.447683458,0.07959943609497404,0.08121815527156548,0.5327000672883434,0.5334723478029787
0.25,0.25,21,6czg_rmsd_0.25_rep_21.pdb,0.7693910598754883,0.883331835269928,0.47129157185554504,0.44496214389801025,4.815138816833496,4.932341575622559,0.47714662551879883,0.45926332473754883,0.42154976589369036,0.4517993282925439,0.6100624631066128,0.676703477621435,0.8878894782346426,0.819451806229554,1548604.0541328278,1546446.5744746318,0.08168963128034319,0.08337880828878706,0.5473737122326209,0.5503730272546284
0.25,0.25,22,6czg_rmsd_0.25_rep_22.pdb,0.7378291487693787,0.9199495911598206,0.4397296607494354,0.48157989978790283,4.782379627227783,4.9594502449035645,0.44438743591308594,0.4863719940185547,0.41338667475638285,0.4649305876084467,0.6076273911678594,0.6891503254160429,0.8919027194945633,0.821760031388841,1599498.5759537467,1597341.0962955507,0.08147667430318238,0.08310857893683427,0.5217337710974818,0.5214069645931667
0.25,0.25000000000000006,23,6czg_rmsd_0.25_rep_23.pdb,0.7406775951385498,0.9096807241439819,0.44257810711860657,0.4713110327720642,4.787045955657959,4.95605993270874,0.4490537643432617,0.48298168182373047,0.4144446676480576,0.45790652366454093,0.6128175692495482,0.6927518875475339,0.8825653765124598,0.7962314339542198,1553016.1521630476,1550858.6725048516,0.08207004406091623,0.08393765115350199,0.5238445245126254,0.5260655927776496
0.25,0.25,24,6czg_rmsd_0.25_rep_24.pdb,0.7690505385398865,0.8603880405426025,0.47095105051994324,0.4220183491706848,4.815692901611328,4.897926330566406,0.47770071029663086,0.4248480796813965,0.4274581593644553,0.4472342745755586,0.623069735640866,0.6486864682370584,0.8873638900449564,0.8515718056629012,1598780.5928214104,1596623.1131632144,0.08478771935755992,0.08624440477929823,0.525553855487139,0.527689348344363
0.25,0.24999999999999997,25,6czg_rmsd_0.25_rep_25.pdb,0.7316733002662659,0.8641878366470337,0.43357381224632263,0.42581814527511597,4.776135444641113,4.901268482208252,0.438143253326416,0.4281902313232422,0.4121266738505651,0.45413538943047166,0.6116092791363912,0.6763562646374855,0.8821269359053764,0.8184075226844394,1511264.1857698443,1509106.7061116484,0.07889550445756803,0.08022212025672851,0.5331217897433738,0.5347747327019076
0.25,0.24999999999999994,26,6czg_rmsd_0.25_rep_26.pdb,0.739697277545929,0.8990471959114075,0.4415977895259857,0.46067750453948975,4.7855353355407715,4.949872016906738,0.4475431442260742,0.4767937660217285,0.4155211626616443,0.452091292549531,0.6090743194492524,0.6870374145845936,0.8846509853915538,0.811734279771192,1530405.9043601276,1528248.4247019317,0.08068610205949966,0.08206254482485292,0.5374623387534059,0.5384293338037516
0.25,0.24999999999999997,27,6czg_rmsd_0.25_rep_27.pdb,0.7576213479042053,0.8908854722976685,0.4595218598842621,0.45251578092575073,4.803091049194336,4.9425859451293945,0.46509885787963867,0.46950769424438477,0.4188768441328346,0.45729706035334594,0.6121875480986916,0.6796903497022461,0.8855161292307042,0.7841549970675636,1557792.6881761202,1555635.2085179242,0.08195147631852227,0.08340531702381031,0.5479119579395852,0.55041019445683
0.25,0.25,28,6czg_rmsd_0.25_rep_28.pdb,0.7272855043411255,0.813048779964447,0.42918601632118225,0.3746790885925293,4.772344589233398,4.851521968841553,0.43435239791870117,0.37844371795654297,0.40985529558438566,0.424762545151846,0.593011576277068,0.6363597579142545,0.8891892228096818,0.8238429756568535,1570056.5734619347,1567899.0938037387,0.07967593304295195,0.08120255002428904,0.5251565063208884,0.5260526887498189
0.25,0.25,29,6czg_rmsd_0.25_rep_29.pdb,0.7503502368927002,0.8685120940208435,0.45225074887275696,0.4301424026489258,4.796867370605469,4.9064717292785645,0.4588751792907715,0.4333934783935547,0.415064445912028,0.4490955217237416,0.6079222131670536,0.6868654037024903,0.8881078326080836,0.8040694589296132,1567086.6539771375,1564929.1743189415,0.08054301626166661,0.0824761483668536,0.5313926822353923,0.5325644408995498
0.25,0.25,30,6czg_rmsd_0.25_rep_30.pdb,0.7634705901145935,0.900385320186615,0.46537110209465027,0.46201562881469727,4.809335708618164,4.9408769607543945,0.4713435173034668,0.46779870986938477,0.4212110421431527,0.4462997662717214,0.6150869610269456,0.6656863999452917,0.8892974346307031,0.8251635749878057,1578026.7206610905,1575869.2410028945,0.08340067007328969,0.08543864925318799,0.5353471084629141,0.5372713230921473
0.25,0.25,31,6czg_rmsd_0.25_rep_31.pdb,0.7550607919692993,0.8470636606216431,0.4569613039493561,0.40869396924972534,4.801598072052002,4.8891167640686035,0.4636058807373047,0.41603851318359375,0.41541668631273937,0.4422472818194274,0.5928476128536921,0.6365162980022299,0.8895250563492816,0.814106955317562,1590818.1170743732,1588660.6374161772,0.08327128156931364,0.08482750192130853,0.5521819054201461,0.5534737077261879
0.25,0.25,32,6czg_rmsd_0.25_rep_32.pdb,0.7221380472183228,0.855998694896698,0.4240385591983795,0.4176290035247803,4.7659454345703125,4.895484924316406,0.42795324325561523,0.4224066734313965,0.412271318486152,0.4372319166282632,0.5974907810249321,0.6370236481388473,0.8934839345133538,0.8534728245669045,1573716.118047671,1571558.638389475,0.08012163164178439,0.08134470907008358,0.5274207657085829,0.528021412435502
0.25,0.25,33,6czg_rmsd_0.25_rep_33.pdb,0.7605191469192505,0.8382974863052368,0.46241965889930725,0.3999277949333191,4.805170059204102,4.884378910064697,0.4671778678894043,0.4113006591796875,0.4211615493834263,0.44360078677253034,0.6157894974855342,0.6603201127912114,0.8848760712214583,0.831309965671055,1609296.874302138,1607139.3946439421,0.0833346129187577,0.08459858678726105,0.5245393862869063,0.5267205048179237
0.25,0.24999999999999994,34,6czg_rmsd_0.25_rep_34.pdb,0.7353283166885376,0.8790349960327148,0.43722882866859436,0.4406653046607971,4.779781818389893,4.931341171264648,0.4417896270751953,0.45826292037963867,0.41401368606579037,0.45234800963582344,0.6018917736943288,0.6778940042334536,0.8905647065014544,0.8362623067554189,1656983.8605946728,1654826.3809364769,0.08081994375371458,0.08236590149471225,0.5269122248041093,0.5276327815177988
0.25,0.25,35,6czg_rmsd_0.25_rep_35.pdb,0.7582038044929504,0.8642906546592712,0.4601043164730072,0.4259209632873535,4.80417537689209,4.909978866577148,0.4661831855773926,0.43690061569213867,0.41721340475839636,0.45131247601761587,0.603548756133583,0.6477998270704832,0.8942378882655024,0.8261839784098017,1558147.8551408541,1555990.3754826582,0.08135929247407493,0.08304975635746004,0.5421741995911251,0.5442846007707108
0.25,0.24999999999999994,36,6czg_rmsd_0.25_rep_36.pdb,0.757366955280304,0.8281383514404297,0.4592674672603607,0.38976866006851196,4.802578449249268,4.873170375823975,0.4645862579345703,0.40009212493896484,0.41495679918117084,0.4302375914156184,0.602551211695417,0.6180499752171834,0.8840028390662501,0.8549357834453587,1645983.710098534,1643826.230440338,0.08166806436696494,0.08337413228347994,0.5437032140981272,0.5454552879829808
0.25,0.24999999999999997,37,6czg_rmsd_0.25_rep_37.pdb,0.7515710592269897,0.8833826780319214,0.4534715712070465,0.44501298666000366,4.796151638031006,4.920870304107666,0.4581594467163086,0.44779205322265625,0.4193439339719633,0.45108092464564287,0.6075135050787155,0.6513191944956684,0.8893963360770449,0.8400895360760189,1574114.556990787,1571957.077332591,0.08151855426080501,0.08287404572443632,0.527380656542602,0.5285774470686727
0.25,0.24999999999999994,38,6czg_rmsd_0.25_rep_38.pdb,0.7596898674964905,0.8203626871109009,0.46159037947654724,0.38199299573898315,4.80588436126709,4.87156867980957,0.4678921699523926,0.39849042892456055,0.4225609531344776,0.44227635258685377,0.6228351862283965,0.6613396853637171,0.8790283362377084,0.8108912608426172,1605026.6953551483,1602869.2156969523,0.08114071637580422,0.08281391257692784,0.5538314096875172,0.5553534150210828
0.25,0.24999999999999997,39,6czg_rmsd_0.25_rep_39.pdb,0.7287992238998413,0.90309739112854,0.43069973587989807,0.4647276997566223,4.773342132568359,4.951540470123291,0.4353499412536621,0.47846221923828125,0.4110054426123048,0.44716704270411795,0.600900168735624,0.6554425268456305,0.8948710857912485,0.8276431687719462,1593140.8303208153,1590983.3506626193,0.08130565846596081,0.08257948121710687,0.5177145372662474,0.5195451168154646
0.25,0.25,40,6czg_rmsd_0.25_rep_40.pdb,0.7502290606498718,0.8376981616020203,0.4521295726299286,0.39932847023010254,4.7945556640625,4.883701324462891,0.45656347274780273,0.41062307357788086,0.4188303634321684,0.4431808016039549,0.6136383102738755,0.6574023114189417,0.886353226661445,0.8232489545050762,1538422.2078418846,1536264.7281836886,0.07992289597124236,0.0811298377326546,0.5401454525886316,0.5412740969814036
0.25,0.25,41,6czg_rmsd_0.25_rep_41.pdb,0.7619319558143616,0.8173450827598572,0.46383246779441833,0.37897539138793945,4.806397914886475,4.858622074127197,0.46840572357177734,0.3855438232421875,0.4236005426034486,0.42949368534441024,0.606421800789013,0.6206199815166751,0.8932744603145077,0.8597579443688731,1587551.8841532816,1585394.4044950856,0.08310469054207659,0.08423844843044548,0.5442974442794307,0.5457817694151706
0.25,0.24999999999999994,42,6czg_rmsd_0.25_rep_42.pdb,0.7791242003440857,0.8781994581222534,0.48102471232414246,0.4398297667503357,4.823188781738281,4.916378021240234,0.485196590423584,0.4432997703552246,0.4242959913398595,0.4427395907171878,0.6142777824293365,0.6317664040625894,0.8890886983496625,0.8523742487112975,1598606.4797668797,1596449.0001086837,0.08678264179137221,0.08834070001790725,0.5265668075599764,0.5281129782200039
0.25,0.25,43,6czg_rmsd_0.25_rep_43.pdb,0.7527803182601929,0.8999243974685669,0.45468083024024963,0.46155470609664917,4.798656463623047,4.949582576751709,0.4606642723083496,0.4765043258666992,0.4149817673421634,0.44986279606851975,0.6027024329083815,0.6648555686149362,0.8912901553275882,0.8275285050239815,1630398.0868042803,1628240.6071460843,0.0813983563525309,0.0827163469219708,0.5247572898000633,0.5262844184663046
0.25,0.24999999999999997,44,6czg_rmsd_0.25_rep_44.pdb,0.7302635908126831,0.8638850450515747,0.43216410279273987,0.425515353679657,4.775551795959473,4.90273904800415,0.4375596046447754,0.4296607971191406,0.41415618322503556,0.4409991911571598,0.607567852042229,0.629097283863708,0.8923234238527689,0.8697265469430548,1596697.151569827,1594539.671911631,0.07797508908548229,0.07969597817076038,0.5183749007902355,0.5175780290684265
0.25,0.25,45,6czg_rmsd_0.25_rep_45.pdb,0.7353508472442627,0.8234106302261353,0.43725135922431946,0.38504093885421753,4.780373573303223,4.8649067878723145,0.4423813819885254,0.3918285369873047,0.4141949970010183,0.4398917848138,0.5995503560060785,0.6242295779020167,0.890711061496804,0.8665247767971278,1548373.1519540863,1546215.6722958903,0.07909836453065949,0.08043620056880937,0.5313174727438692,0.5331355124133008
0.25,0.25,46,6czg_rmsd_0.25_rep_46.pdb,0.7593094706535339,0.7960694432258606,0.4612099826335907,0.35769975185394287,4.805093288421631,4.835747718811035,0.4671010971069336,0.3626694679260254,0.4193073449480808,0.4232355156488089,0.6071165919237892,0.6164403192656575,0.8893350255227194,0.8440016404718755,1542011.9567802255,1539854.4771220295,0.0816770421231067,0.08335843086402936,0.5201805293044502,0.5234161802132906
0.25,0.25,47,6czg_rmsd_0.25_rep_47.pdb,0.7600882053375244,0.8714495301246643,0.4619887173175812,0.4330798387527466,4.806650161743164,4.913976669311523,0.4686579704284668,0.44089841842651367,0.42152456304012875,0.4381666890998563,0.6082740584682031,0.6298656727993479,0.8952048529528167,0.8516195539219195,1582780.8394676775,1580623.3598094815,0.08438479683608936,0.08625783362227783,0.5245829238399446,0.526801902679672
0.25,0.25,48,6czg_rmsd_0.25_rep_48.pdb,0.7588189244270325,0.9417182207107544,0.46071943640708923,0.5033485293388367,4.804145812988281,4.981484413146973,0.466153621673584,0.5084061622619629,0.42213293630722915,0.47079999257125565,0.6170082183517844,0.6952381709832103,0.8842477600920461,0.8235575584390721,1503124.3764851291,1500966.8968269331,0.08217424097489805,0.08345450288118103,0.5355841593820923,0.5376756900351013
0.25,0.25,49,6czg_rmsd_0.25_rep_49.pdb,0.7615470290184021,0.8618919253349304,0.46344754099845886,0.4235222339630127,4.806424617767334,4.906750202178955,0.4684324264526367,0.4336719512939453,0.4178962183695098,0.44271700803936764,0.6039640879706999,0.6714831069135857,0.895664767892014,0.8177663003948625,1529700.4597663393,1527542.9801081433,0.08082994943568708,0.0824252554808025,0.5362948524376382,0.5365064180917144
0.5,0.5,0,6czg_rmsd_0.50_rep_00.pdb,1.5240609645843506,1.5523433685302734,1.2259614765644073,1.1139736771583557,5.621883392333984,5.672480583190918,1.283891201019287,1.1994023323059082,0.6022152917490666,0.6139294240812659,0.8847268550847395,0.9093441145068633,0.7368683184699445,0.6381468520864647,6028734.478356282,6026576.9986980865,0.0959065182755827,0.10438465417219232,0.38609052341628,0.40902306166246166
0.5,0.5,1,6czg_rmsd_0.50_rep_01.pdb,1.499890923500061,1.5628960132598877,1.2017914354801178,1.12452632188797,5.582302570343018,5.650352478027344,1.2443103790283203,1.177274227142334,0.5996818385781004,0.6106035338100897,0.8762845128008583,0.9283823755200489,0.7773332052721184,0.685513930250418,5891542.299456917,5889384.819798721,0.10021684413218705,0.10657165608844724,0.36448208768877954,0.3790628964495869
0.5,0.49999999999999994,2,6czg_rmsd_0.50_rep_02.pdb,1.5174062252044678,1.5633265972137451,1.2193067371845245,1.1249569058418274,5.6118621826171875,5.659041404724121,1.2738699913024902,1.1859631538391113,0.6049710513551649,0.6214326316081885,0.8927082772509152,0.9712948040871964,0.7616379151006695,0.6801921776706337,6245040.760626846,6242883.28096865,0.09500330706505943,0.10216054921004854,0.3810184090441256,0.399030994864989
0.5,0.4999999999999999,3,6czg_rmsd_0.50_rep_03.pdb,1.518101692199707,1.4649720191955566,1.2200022041797638,1.026602327823639,5.61741828918457,5.547173500061035,1.279426097869873,1.0740952491760254,0.6097156002260637,0.587235085246735,0.8955672534572853,0.8251542744209406,0.7409364127934233,0.7525715780682135,5989201.63014197,5987044.150483774,0.0973809853555305,0.10561767639309504,0.37626784463424046,0.39800610460752966
0.5,0.5,4,6czg_rmsd_0.50_rep_04.pdb,1.5383362770080566,1.6455097198486328,1.2402367889881134,1.207140028476715,5.641139030456543,5.711299896240234,1.3031468391418457,1.2382216453552246,0.6061491050128753,0.6262633414611837,0.9003921092304359,0.9334122009164526,0.7320817485983415,0.7288503447910977,5934008.722247911,5931851.242589715,0.10064107092130911,0.10900190098549481,0.3885823581342013,0.4105624417976208
0.5,0.5,5,6czg_rmsd_0.50_rep_05.pdb,1.4858132600784302,1.562075138092041,1.187713772058487,1.1237054467201233,5.584289073944092,5.6655707359313965,1.2462968826293945,1.1924924850463867,0.6013954169324179,0.6276923786128302,0.8928216907848615,0.935155235569958,0.7319930276059308,0.7036370094877219,6173561.640569138,6171404.160910943,0.09666671237445582,0.10367264986131237,0.3669187316662825,0.39057170613911396
0.5,0.5,6,6czg_rmsd_0.50_rep_06.pdb,1.556978464126587,1.586155891418457,1.2588789761066437,1.1477862000465393,5.664236068725586,5.6662163734436035,1.3262438774108887,1.1931381225585938,0.6164995091497368,0.6076741774437835,0.9230819735490197,0.917225528451373,0.7112068493642598,0.6735215957664056,5588853.3186804615,5586695.839022266,0.09730713002894083,0.10520719373429971,0.3776089846877313,0.4012927254682548
0.5,0.4999999999999999,7,6czg_rmsd_0.50_rep_07.pdb,1.514933705329895,1.5015827417373657,1.2168342173099518,1.063213050365448,5.607763290405273,5.57401704788208,1.2697710990905762,1.1009387969970703,0.6023496821273984,0.5999442468449051,0.883787006683979,0.8934227178696125,0.7452776635428268,0.6990610809657355,6299541.735170897,6297384.255512701,0.09724274798214386,0.10466537212910716,0.38365385882524766,0.4041842192862555
0.5,0.4999999999999999,8,6czg_rmsd_0.50_rep_08.pdb,1.521870493888855,1.574002981185913,1.2237710058689117,1.1356332898139954,5.60831356048584,5.675249099731445,1.2703213691711426,1.2021708488464355,0.6048457305248404,0.6116107010333731,0.8913212780649832,0.8963298111119238,0.7581305573994083,0.6777351151259093,6037543.166419621,6035385.686761425,0.09974598891488275,0.10662106429645742,0.3972261174463798,0.41582046163293707
0.5,0.5,9,6czg_rmsd_0.50_rep_09.pdb,1.5051748752593994,1.623428225517273,1.2070753872394562,1.1850585341453552,5.601691722869873,5.710268020629883,1.2636995315551758,1.237189769744873,0.6051963057178649,0.6201374845963059,0.8988990865228919,0.9239064701944483,0.7600817218249261,0.7130119466187608,6059774.9894693345,6057617.509811139,0.09983359142200993,0.10746705097191446,0.3916864435758359,0.40778862689007256
0.5,0.5,10,6czg_rmsd_0.50_rep_10.pdb,1.5090380907058716,1.5730170011520386,1.2109386026859283,1.1346473097801208,5.620359420776367,5.651048183441162,1.28236722946167,1.1779699325561523,0.5997651745898779,0.6191460148773518,0.8870659060701465,0.913733869694887,0.7417789079067929,0.665045267005307,6143941.54444371,6141784.064785514,0.09543452089772725,0.10506159303243835,0.36329264303914155,0.3948178228655465
0.5,0.5,11,6czg_rmsd_0.50_rep_11.pdb,1.545695424079895,1.615374207496643,1.2475959360599518,1.1770045161247253,5.658191680908203,5.688292026519775,1.3201994895935059,1.2152137756347656,0.6068030511312071,0.6293870156892878,0.8961278152324232,0.9542029162398826,0.7454452599278674,0.680279164508326,6244794.638043834,6242637.158385638,0.09778411185840208,0.1067988219524746,0.3625961270304218,0.391757460632509
0.5,0.5,12,6czg_rmsd_0.50_rep_12.pdb,1.5529961585998535,1.506650686264038,1.2548966705799103,1.0682809948921204,5.65971040725708,5.585168361663818,1.3217182159423828,1.1120901107788086,0.6085277168965683,0.5990140007796828,0.9003186028352902,0.9023410001471006,0.7306525457415756,0.6710195302087075,6017194.664527225,6015037.18486903,0.09912493974451086,0.10886340235133497,0.3840269806091035,0.4116467420178974
0.5,0.4999999999999999,13,6czg_rmsd_0.50_rep_13.pdb,1.5310403108596802,1.5608341693878174,1.232940822839737,1.1224644780158997,5.633109092712402,5.613709926605225,1.295116901397705,1.1406316757202148,0.6058006702366503,0.6105833155633271,0.8829879965231858,0.8728083829455462,0.7568773919144451,0.7220068804223038,6089451.292733131,6087293.813074935,0.09866390794284235,0.1062433039919486,0.36074776545757004,0.3829258626889667
0.5,0.5,14,6czg_rmsd_0.50_rep_14.pdb,1.5295072793960571,1.5517079830169678,1.231407791376114,1.11333829164505,5.6190032958984375,5.629214286804199,1.2810111045837402,1.1561360359191895,0.6061806550269597,0.6228033974502617,0.8988762593250564,0.9078080423229964,0.7500187465857991,0.7043892758077562,5841684.799887435,5839527.320229239,0.09898826546254427,0.10629689110806137,0.3804374818393052,0.40243305499880616
0.5,0.5,15,6czg_rmsd_0.50_rep_15.pdb,1.5031347274780273,1.5357787609100342,1.205035239458084,1.0974090695381165,5.589426517486572,5.600077152252197,1.251434326171875,1.1269989013671875,0.5985447164452733,0.6003543763921471,0.871846197531622,0.8890562732287033,0.7564270561864771,0.6795774936738882,6154688.033298666,6152530.55364047,0.09661383274984234,0.10362463101064001,0.3715163383392185,0.39150712051710684
0.5,0.5,16,6czg_rmsd_0.50_rep_16.pdb,1.4971930980682373,1.53571617603302,1.199093610048294,1.0973464846611023,5.5918121337890625,5.638759613037109,1.2538199424743652,1.1656813621520996,0.602335904476728,0.6060231219409934,0.8944697766606724,0.8979061688236625,0.7356734985678739,0.6684308354675566,5784646.429894706,5782488.9502365105,0.09615942265025038,0.1023772439547785,0.3966977568884676,0.41083319868387147
0.5,0.49999999999999994,17,6czg_rmsd_0.50_rep_17.pdb,1.5032939910888672,1.5399256944656372,1.205194503068924,1.1015560030937195,5.588279724121094,5.601003170013428,1.2502875328063965,1.127924919128418,0.5986017701551763,0.6057898433423949,0.8712567860360066,0.8621688375444894,0.7767896066084915,0.746105632484924,6131302.595279712,6129145.1156215165,0.09719579940775366,0.10358889936817461,0.37499531754040133,0.3830979580263212
0.5,0.49999999999999994,18,6czg_rmsd_0.50_rep_18.pdb,1.5886303186416626,1.6181259155273438,1.2905308306217194,1.179756224155426,5.690945148468018,5.696812152862549,1.3529529571533203,1.223733901977539,0.6205706216021999,0.6328265520061965,0.9218770334859651,0.9566553700910054,0.7449886451613984,0.6641248537171726,6217950.8436259655,6215793.36396777,0.10327290492011482,0.11142111472887889,0.36556882341098446,0.3924179276430392
0.5,0.49999999999999994,19,6czg_rmsd_0.50_rep_19.pdb,1.5559816360473633,1.5533148050308228,1.25788214802742,1.114945113658905,5.6586594581604,5.616442680358887,1.3206672668457031,1.143364429473877,0.6105125130162072,0.6194887531893606,0.8932118665167663,0.9193811238547746,0.7460228652541777,0.70278101258535,5940755.846512871,5938598.366854675,0.09827824996649122,0.10565200635548522,0.38106856049654436,0.4064715221543616
0.5,0.49999999999999994,20,6czg_rmsd_0.50_rep_20.pdb,1.5160983800888062,1.6323801279067993,1.217998892068863,1.1940104365348816,5.6177496910095215,5.703427314758301,1.2797574996948242,1.230349063873291,0.6031839739739175,0.6338231544212299,0.8889091197567982,0.9391191633998092,0.7519876306011796,0.6546731483593154,6281426.476880136,6279268.99722194,0.09692767499141018,0.10434550668002014,0.36334849195676605,0.3861662629404904
0.5,0.5,21,6czg_rmsd_0.50_rep_21.pdb,1.5818591117858887,1.5244712829589844,1.2837596237659454,1.0861015915870667,5.684663772583008,5.643975734710693,1.3466715812683105,1.1708974838256836,0.618909606170688,0.5992258716782637,0.9049618967572611,0.8504675412374374,0.7520382672606671,0.7465551995436746,6097428.04453996,6095270.564881764,0.09908304407709871,0.10737407123345756,0.38175000720441066,0.404962412773271
0.5,0.5,22,6czg_rmsd_0.50_rep_22.pdb,1.5189143419265747,1.5501151084899902,1.2208148539066315,1.1117454171180725,5.606454849243164,5.639404296875,1.2684626579284668,1.1663260459899902,0.6037086149580732,0.6095675759623644,0.8905334315687665,0.9283623024333685,0.7508666558225937,0.6905207767332889,6038912.84515993,6036755.365501734,0.09824780254808531,0.10523594672276833,0.37197570502044897,0.3939855701328211
0.5,0.5,23,6czg_rmsd_0.50_rep_23.pdb,1.5905245542526245,1.4691789150238037,1.2924250662326813,1.030809223651886,5.692929744720459,5.5886077880859375,1.3549375534057617,1.1155295372009277,0.6227881265205423,0.5970271354939539,0.9228762391390767,0.882095798480567,0.7289632545778447,0.7027421762277746,6424136.516636593,6421979.0369783975,0.10272638014483987,0.11071137895033929,0.37450929376275616,0.3991150134181752
0.5,0.5000000000000001,24,6czg_rmsd_0.50_rep_24.pdb,1.5307148694992065,1.6257455348968506,1.2326153814792633,1.1873758435249329,5.624075889587402,5.718239784240723,1.286083698272705,1.245161533355713,0.6071348213378764,0.6216300688966705,0.8901297977429344,0.9275579369740572,0.7505678753131038,0.6274689970239584,6155288.366220835,6153130.886562639,0.09891980084234996,0.10659187752118962,0.3868644430731092,0.40581360478010503
0.5,0.5,25,6czg_rmsd_0.50_rep_25.pdb,1.5071895122528076,1.674268126487732,1.2090900242328644,1.2358984351158142,5.596500396728516,5.766021251678467,1.2585082054138184,1.292943000793457,0.5952169732392998,0.6429853041881285,0.8894527752931806,1.025409374903544,0.7635141296365178,0.5821549632787929,5811835.422135163,5809677.942476967,0.09746344000240767,0.10420497917918634,0.3811181804493801,0.39934279582510485
0.5,0.5,26,6czg_rmsd_0.50_rep_26.pdb,1.5015147924423218,1.462326169013977,1.2034153044223785,1.0239564776420593,5.599623680114746,5.588048458099365,1.2616314888000488,1.1149702072143555,0.6015544497600981,0.601052784841156,0.9004777292888508,0.9081895734169185,0.7380088792157413,0.6816492716546335,6381650.850346313,6379493.370688117,0.09478678367967869,0.10319634925997269,0.3808873850768025,0.40450568520768754
0.5,0.5,27,6czg_rmsd_0.50_rep_27.pdb,1.533263087272644,1.669434905052185,1.2351635992527008,1.2310652136802673,5.630442142486572,5.754291534423828,1.292449951171875,1.2812132835388184,0.6014549281255192,0.633889251841847,0.8841158774781415,0.9628341195857255,0.7561789775607183,0.6670548784289825,5930657.559920501,5928500.080262305,0.1016338896005704,0.10847473302861277,0.36206259103788346,0.37998639343355745
0.5,0.5,28,6czg_rmsd_0.50_rep_28.pdb,1.4892815351486206,1.5969160795211792,1.1911820471286774,1.1585463881492615,5.575648784637451,5.6880998611450195,1.237656593322754,1.2150216102600098,0.5920958283964586,0.6352159309582608,0.8665777601696817,0.9781556486493648,0.7716376627280416,0.6168316289196956,6102817.255191917,6100659.775533721,0.09760877006080733,0.10425701967515978,0.3798939254507985,0.39706236048493226
0.5,0.5,29,6czg_rmsd_0.50_rep_29.pdb,1.5456732511520386,1.6122368574142456,1.2475737631320953,1.1738671660423279,5.6401262283325195,5.712728023529053,1.3021340370178223,1.239649772644043,0.6078044303071902,0.6058213774007024,0.8890501850716434,0.9113235644518335,0.7600479950467857,0.6656255915487675,6008138.946697283,6005981.467039087,0.09945622688655721,0.10628596856060296,0.36557755625038746,0.3787571244564338
0.5,0.5,30,6czg_rmsd_0.50_rep_30.pdb,1.5214297771453857,1.4947528839111328,1.2233302891254425,1.056383192539215,5.607266426086426,5.591747283935547,1.2692742347717285,1.118669033050537,0.6020286627202663,0.6086052531758405,0.8913325313893892,0.9552996095478855,0.7386006758228336,0.6552800119778659,6029707.009704211,6027549.530046015,0.09893598087400428,0.10614751841223619,0.38624554112744997,0.4056773977164779
0.5,0.5,31,6czg_rmsd_0.50_rep_31.pdb,1.5055996179580688,1.645477056503296,1.2075001299381256,1.2071073651313782,5.6025166511535645,5.734883785247803,1.2645244598388672,1.261805534362793,0.596383171609168,0.6420963438460524,0.8778096822630501,0.966931303052092,0.7776477650085551,0.658510848118909,6192803.501288215,6190646.021630019,0.09964975776099755,0.10724062514116088,0.37594324505269955,0.40209906082732877
0.5,0.5,32,6czg_rmsd_0.50_rep_32.pdb,1.52504301071167,1.6204133033752441,1.2269435226917267,1.1820436120033264,5.622402667999268,5.687467575073242,1.2844104766845703,1.2143893241882324,0.6023420592110886,0.6280424782162766,0.894503796792494,0.9379059609130316,0.7343242786338364,0.6804676569777767,5884817.964746598,5882660.485088402,0.09690176935745365,0.10402918209713385,0.36727119790736157,0.3958013965137897
0.5,0.5,33,6czg_rmsd_0.50_rep_33.pdb,1.5124086141586304,1.5709177255630493,1.2143091261386871,1.1325480341911316,5.61195707321167,5.647740364074707,1.2739648818969727,1.1746621131896973,0.6039615977232121,0.5998281988114414,0.894355448550716,0.9218130249153311,0.7445404191844844,0.6638401099912251,6064733.829486365,6062576.34982817,0.09535694020397573,0.10297719600292175,0.3858514147859723,0.40305709808089646
0.5,0.5,34,6czg_rmsd_0.50_rep_34.pdb,1.5438851118087769,1.567406415939331,1.2457856237888336,1.1290367245674133,5.6427717208862305,5.667078971862793,1.3047795295715332,1.1940007209777832,0.6125256189908638,0.6116116460363217,0.9121002073606059,0.9292359645561482,0.7259668765398751,0.6706842388571054,6014340.151467776,6012182.67180958,0.09801412344321607,0.10586804518133087,0.38410479934911496,0.398477419677477
0.5,0.5,35,6czg_rmsd_0.50_rep_35.pdb,1.4845293760299683,1.573304533958435,1.186429888010025,1.1349348425865173,5.574985980987549,5.642441749572754,1.2369937896728516,1.1693634986877441,0.5869293952500984,0.6278583168098519,0.8754598796340577,0.9496165282082408,0.7510227831154201,0.6184360813977712,6281604.496095998,6279447.016437802,0.09786469791346421,0.10545377367522596,0.3659764105586458,0.38535885361079436
0.5,0.5,36,6czg_rmsd_0.50_rep_36.pdb,1.5260745286941528,1.5740571022033691,1.2279750406742096,1.1356874108314514,5.625853061676025,5.653116226196289,1.2878608703613281,1.1800379753112793,0.6014335516424806,0.6176852547384758,0.8898176425323638,0.9298466552937132,0.7447557566016136,0.6465988892495249,6142156.910477019,6139999.430818823,0.09796707647989343,0.10566484503401474,0.3747498287795521,0.3935240463201762
0.5,0.5,37,6czg_rmsd_0.50_rep_37.pdb,1.4906634092330933,1.6124778985977173,1.19256392121315,1.1741082072257996,5.573582649230957,5.722438812255859,1.2355904579162598,1.2493605613708496,0.5976000040689491,0.6113019179285114,0.886903651022949,0.9206188197837679,0.7536922912763357,0.6754471066989356,6120795.041157397,6118637.561499202,0.09702839103712188,0.10318182776314666,0.3947113286644,0.41606052870601007
0.5,0.5,38,6czg_rmsd_0.50_rep_38.pdb,1.5369775295257568,1.6016356945037842,1.2388780415058136,1.1632660031318665,5.635806083679199,5.689579486846924,1.297813892364502,1.216501235961914,0.6048666224438545,0.6130388890865018,0.8850818283072446,0.8917792714900119,0.7257744452663717,0.6838366583924831,6206998.939621648,6204841.459963452,0.09443253539448859,0.10330491557868295,0.3853463764478175,0.4127038234039904
0.5,0.49999999999999994,39,6czg_rmsd_0.50_rep_39.pdb,1.522415280342102,1.5548187494277954,1.2243157923221588,1.1164490580558777,5.625816822052002,5.630694389343262,1.2878246307373047,1.157616138458252,0.6039975880940963,0.6030825521023111,0.8911206542034101,0.9222776782187523,0.7258881444809473,0.6294055793753033,6125014.063012332,6122856.583354136,0.09659414233520021,0.10457608006084272,0.38295573906060576,0.40947315167832493
0.5,0.49999999999999994,40,6czg_rmsd_0.50_rep_40.pdb,1.493035078048706,1.558192253112793,1.1949355900287628,1.1198225617408752,5.592575550079346,5.679808139801025,1.2545833587646484,1.2067298889160156,0.5929937332726685,0.6053231841926434,0.8767110577865262,0.892981101387248,0.7466869124581754,0.6600416683486625,6156723.1381412,6154565.658483004,0.09750335007804087,0.1047020957031372,0.36847832667590386,0.3910340533026771
0.5,0.49999999999999994,41,6czg_rmsd_0.50_rep_41.pdb,1.5633771419525146,1.4933596849441528,1.2652776539325714,1.054989993572235,5.656408309936523,5.574359893798828,1.3184161186218262,1.1012816429138184,0.6177730674122359,0.5971332504554939,0.9223641098263685,0.9276957373351654,0.742920094701466,0.6653313535027672,5987256.3500056835,5985098.870347488,0.1029485243359992,0.11053463647713438,0.3789860063396058,0.39694096560384884
0.5,0.49999999999999994,42,6czg_rmsd_0.50_rep_42.pdb,1.4967924356460571,1.513696312904358,1.198692947626114,1.0753266215324402,5.587939739227295,5.574639320373535,1.2499475479125977,1.1015610694885254,0.6047563858683241,0.611667016788031,0.8910406783359897,0.9408523071243244,0.7589074781196179,0.7173633890486416,5792531.611212895,5790374.1315546995,0.09566808223149088,0.10244060327364753,0.3905524923499309,0.4075809777073654
0.5,0.5,43,6czg_rmsd_0.50_rep_43.pdb,1.5009901523590088,1.6669262647628784,1.2028906643390656,1.2285565733909607,5.60245943069458,5.774150371551514,1.2644672393798828,1.301072120666504,0.6015818331752809,0.6383576566933655,0.8909025848895074,0.9422072157148751,0.7379838159520956,0.6864793446399828,6066571.766796923,6064414.2871387275,0.09542485371605099,0.1029295285873672,0.3760791197050296,0.4035806892652628
0.5,0.5,44,6czg_rmsd_0.50_rep_44.pdb,1.5553781986236572,1.5641549825668335,1.257278710603714,1.1257852911949158,5.656405448913574,5.669384002685547,1.318413257598877,1.196305751800537,0.6141817893833398,0.6173153650137219,0.9098351213518409,0.9037069215069007,0.7289950450806767,0.6827814183937669,6275183.277519727,6273025.797861531,0.09883096711182543,0.10728057719962314,0.39737727063793243,0.42347199274287184
0.5,0.5,45,6czg_rmsd_0.50_rep_45.pdb,1.5433151721954346,1.5412133932113647,1.2452156841754913,1.102843701839447,5.646751403808594,5.606601715087891,1.3087592124938965,1.1335234642028809,0.610990513528547,0.604586564727862,0.9103944594607063,0.8904913586184223,0.746117758546009,0.7316754568560145,6088332.989889871,6086175.510231676,0.09772269667722157,0.10573570128427746,0.3950410570143097,0.41113072655005833
0.5,0.49999999999999994,46,6czg_rmsd_0.50_rep_46.pdb,1.524181604385376,1.4938737154006958,1.2260821163654327,1.055504024028778,5.619786262512207,5.600400447845459,1.2817940711975098,1.1273221969604492,0.6059249139842136,0.5953851564461818,0.900632356079625,0.8968541943644469,0.7330828239358246,0.6994400284210532,5978995.803439868,5976838.323781672,0.09725270510027356,0.10553626280688112,0.35856376862347095,0.3816782868467213
0.5,0.5,47,6czg_rmsd_0.50_rep_47.pdb,1.558772087097168,1.5248593091964722,1.2606725990772247,1.0864896178245544,5.656378269195557,5.5990424156188965,1.3183860778808594,1.1259641647338867,0.6085777381845824,0.6033214637380317,0.8908122122851575,0.918785059244888,0.7457432992114761,0.6713596956282016,6014386.5595232155,6012229.07986502,0.09816710069573627,0.10618954115300405,0.39101617908269404,0.41258632475147
0.5,0.49999999999999994,48,6czg_rmsd_0.50_rep_48.pdb,1.516849160194397,1.5546965599060059,1.2187496721744537,1.1163268685340881,5.607783317565918,5.646702289581299,1.2697911262512207,1.173624038696289,0.6012029656735776,0.6145326018669851,0.8873218071443991,0.9301008873821311,0.7331901321269414,0.6712960564844412,6005863.890290219,6003706.410632024,0.09733971136270178,0.10567022159161425,0.38739904295693833,0.4092746551868912
0.5,0.5,49,6czg_rmsd_0.50_rep_49.pdb,1.5316431522369385,1.6393400430679321,1.2335436642169952,1.2009703516960144,5.632725238800049,5.726599216461182,1.2947330474853516,1.2535209655761719,0.6078732523310624,0.6189180890266145,0.9023710802872159,0.9040911004736416,0.7255728846132833,0.7009211384369326,5912311.698883351,5910154.219225155,0.10046438063366012,0.10809579607103359,0.3753454637683539,0.3998653894017347
